2026-03-16_22-27-24,0,draft.go:2026-03-16_22-27-24
2026-03-16_22-27-27,0,draft.go:2026-03-16_22-27-24
2026-03-16_22-30-58,0,draft.go:2026-03-16_22-30-58
2026-03-16_22-32-08,25,draft.go:2026-03-16_22-32-08
2026-03-16_22-32-50,25,draft.go:2026-03-16_22-32-50
2026-03-16_22-32-59,25,draft.go:2026-03-16_22-32-59
2026-03-16_22-33-34,25,draft.go:2026-03-16_22-33-34
2026-03-16_22-34-44,100,draft.go:2026-03-16_22-34-44
2026-03-20_15-37-15,---,draft.go:2026-03-16_22-34-44
2026-03-31_17-41-53,100,draft.go:2026-03-16_22-34-44
2026-04-14_08-54-00,0,draft.go:2026-04-14_08-54-00
2026-04-14_08-54-09,0,draft.go:2026-04-14_08-54-09
2026-04-14_09-16-50,50,draft.go:2026-04-14_09-16-50
2026-04-14_09-20-31,100,draft.go:2026-04-14_09-20-31
2026-04-14_09-21-05,100,draft.go:2026-04-14_09-20-31
2026-04-14_11-12-22,100,draft.go:2026-04-14_09-20-31
2026-04-14_11-27-53,100,draft.go:2026-04-14_09-20-31
2026-04-14_11-45-04,100,draft.go:2026-04-14_11-45-04
