2026-04-29_16-08-01,0,main.go:2026-04-29_16-08-01
2026-04-29_16-34-49,0,main.go:2026-04-29_16-34-49
2026-04-29_16-35-11,0,main.go:2026-04-29_16-35-11
2026-04-29_16-36-32,0,main.go:2026-04-29_16-36-32
2026-04-29_16-36-33,0,main.go:2026-04-29_16-36-32
2026-04-29_16-37-59,0,main.go:2026-04-29_16-36-32
2026-04-29_16-39-20,0,main.go:2026-04-29_16-36-32
2026-04-29_16-39-22,0,main.go:2026-04-29_16-36-32
2026-04-29_16-40-46,0,main.go:2026-04-29_16-36-32
2026-04-29_16-41-32,0,main.go:2026-04-29_16-36-32
2026-04-29_16-41-35,---,main.go:2026-04-29_16-36-32
2026-05-05_11-17-14,0,main.go:2026-04-29_16-36-32
2026-05-05_11-17-27,100,main.go:2026-05-05_11-17-27
2026-05-09_22-46-33,100,main.go:2026-05-05_11-17-27
