2026-04-12_15-18-59,14,main.go:2026-04-12_15-18-59
2026-04-12_15-19-09,14,main.go:2026-04-12_15-18-59
2026-04-12_15-19-37,14,main.go:2026-04-12_15-18-59
2026-04-12_15-21-31,14,main.go:2026-04-12_15-18-59
2026-04-12_15-22-39,14,main.go:2026-04-12_15-18-59
2026-04-12_15-23-31,14,main.go:2026-04-12_15-18-59
2026-04-12_15-23-46,---,main.go:2026-04-12_15-18-59
2026-04-12_15-28-31,14,main.go:2026-04-12_15-18-59
2026-04-12_15-28-50,14,main.go:2026-04-12_15-18-59
2026-04-12_15-30-09,14,main.go:2026-04-12_15-18-59
2026-04-12_15-33-56,14,main.go:2026-04-12_15-18-59
2026-04-12_15-34-49,14,main.go:2026-04-12_15-18-59
2026-04-12_15-40-56,14,main.go:2026-04-12_15-18-59
2026-04-12_16-45-21,100,main.go:2026-04-12_16-45-21
2026-04-16_01-02-53,100,main.go:2026-04-12_16-45-21
2026-04-16_01-03-07,100,main.go:2026-04-12_16-45-21
