2026-04-28_16-10-02,0,draft.go:2026-04-28_16-10-02
2026-04-28_16-11-33,0,draft.go:2026-04-28_16-11-33
2026-04-28_16-12-13,0,draft.go:2026-04-28_16-12-13
2026-04-28_16-12-23,0,draft.go:2026-04-28_16-12-23
2026-04-28_16-12-43,0,draft.go:2026-04-28_16-12-43
2026-04-28_16-12-47,0,draft.go:2026-04-28_16-12-43
2026-04-28_16-12-49,---,draft.go:2026-04-28_16-12-43
2026-04-28_16-13-02,---,draft.go:2026-04-28_16-12-43
2026-04-28_16-44-17,0,draft.go:2026-04-28_16-44-17
2026-04-28_16-44-50,0,draft.go:2026-04-28_16-44-50
2026-04-28_16-45-06,0,draft.go:2026-04-28_16-45-06
2026-04-28_16-45-21,0,draft.go:2026-04-28_16-45-21
2026-04-28_16-45-31,0,draft.go:2026-04-28_16-45-31
2026-04-28_16-45-33,0,draft.go:2026-04-28_16-45-31
2026-04-28_16-45-34,---,draft.go:2026-04-28_16-45-31
2026-04-29_10-23-23,0,draft.go:2026-04-29_10-23-23
2026-04-29_10-23-30,0,draft.go:2026-04-29_10-23-23
2026-04-29_10-23-58,0,draft.go:2026-04-29_10-23-58
2026-04-29_10-24-01,0,draft.go:2026-04-29_10-23-58
2026-04-29_10-24-03,---,draft.go:2026-04-29_10-23-58
