2026-03-12_19-15-36,0,draft.go:2026-03-12_19-15-36
2026-03-13_08-22-43,0,draft.go:2026-03-12_19-15-36
2026-03-13_08-23-32,0,draft.go:2026-03-13_08-23-32
2026-03-15_16-21-17,0,draft.go:2026-03-13_08-23-32
2026-03-15_16-21-19,0,draft.go:2026-03-13_08-23-32
2026-03-15_16-33-12,0,draft.go:2026-03-13_08-23-32
2026-03-15_16-33-20,0,draft.go:2026-03-15_16-33-20
2026-03-15_16-33-32,0,draft.go:2026-03-15_16-33-20
2026-03-15_16-33-34,0,draft.go:2026-03-15_16-33-20
2026-03-15_16-34-44,0,draft.go:2026-03-15_16-33-20
2026-03-15_16-34-48,0,draft.go:2026-03-15_16-34-48
2026-03-15_16-36-03,0,draft.go:2026-03-15_16-36-03
2026-03-15_16-36-18,0,draft.go:2026-03-15_16-36-03
2026-03-15_16-36-20,---,draft.go:2026-03-15_16-36-03
2026-03-15_16-36-54,0,draft.go:2026-03-15_16-36-03
2026-03-15_18-18-40,0,draft.go:2026-03-15_16-36-03
2026-03-15_18-19-18,0,draft.go:2026-03-15_16-36-03
2026-03-15_18-19-24,0,draft.go:2026-03-15_18-19-24
2026-03-15_18-19-33,100,draft.go:2026-03-15_18-19-33
2026-03-20_15-22-02,---,draft.go:2026-03-15_18-19-33
